EVENT,min,median,90%,99%,99.9%
CANCEL,170.0,178.0,202.0,214.27999999999997,219.428
ORDER,169.0,190.0,249.0,271.0,474.0
PAYMENT,185.0,200.0,256.40000000000003,276.0,276.828
